flow_cost,fix_band_cost,mix_total_cost,flow_only_cost,band_only_cost,fix_band
270.78384592367684,1421.2168735770547,1692.0007195007315,2507.1134162451135,2363.3205212829334,32797.3124671628
