flow_cost,fix_band_cost,mix_total_cost,flow_only_cost,band_only_cost,fix_band
0.7098191952755706,3.808832132965627,4.518651328241198,8.042158728544921,5.986603703022222,87.89612614536063
