flow_cost,fix_band_cost,mix_total_cost,flow_only_cost,band_only_cost,fix_band
452.44020877850596,1705.5738746736774,2158.0140834521835,3116.5169385881336,3492.970773985333,39359.39710785409
