flow_cost,fix_band_cost,mix_total_cost,flow_only_cost,band_only_cost,fix_band
353.9081185514716,1309.8945011840453,1663.8026197355168,2453.138876644743,2281.536201949333,30228.334642708734
