flow_cost,fix_band_cost,mix_total_cost,flow_only_cost,band_only_cost,fix_band
723.2240547021828,3126.790748250732,3850.014802952915,5623.630354833247,5856.291295268266,72156.7095750169
