flow_cost,fix_band_cost,mix_total_cost,flow_only_cost,band_only_cost,fix_band
354.61793774674715,1313.703333317011,1668.321271063758,2461.181035373288,2287.5228056523556,30316.230768854097
